[
  {
    "id": "c36f77ce-fcb2-41d3-babc-d7bff0bc9c50",
    "data": [
      {
        "text": "desserts and drinks",
        "userDefined": false
      }
    ],
    "isTemplate": false,
    "count": 0,
    "lang": "en",
    "updated": 0
  },
  {
    "id": "aa876e4a-ca10-4dc1-b172-99d9beaee58d",
    "data": [
      {
        "text": "drink",
        "userDefined": false
      }
    ],
    "isTemplate": false,
    "count": 0,
    "lang": "en",
    "updated": 0
  },
  {
    "id": "7b0b7580-b422-46bc-80cd-89b8781e098a",
    "data": [
      {
        "text": "dessert",
        "userDefined": false
      }
    ],
    "isTemplate": false,
    "count": 0,
    "lang": "en",
    "updated": 0
  }
]