[
  {
    "id": "6f43b9eb-82ca-41cb-ab28-fbfe2934e22d",
    "data": [
      {
        "text": "bhindi salt and pepper",
        "meta": "@sys.any",
        "alias": "any",
        "userDefined": true
      }
    ],
    "isTemplate": false,
    "count": 0,
    "lang": "en",
    "updated": 0
  },
  {
    "id": "71f08ec0-6903-4361-a2fb-a24404d084ec",
    "data": [
      {
        "text": "ice cream",
        "meta": "@sys.any",
        "alias": "any",
        "userDefined": true
      }
    ],
    "isTemplate": false,
    "count": 0,
    "lang": "en",
    "updated": 0
  },
  {
    "id": "872ab9b0-8ffd-4d3f-9a19-fefc59fc2f47",
    "data": [
      {
        "text": "gulab jamun",
        "meta": "@sys.any",
        "alias": "any",
        "userDefined": true
      }
    ],
    "isTemplate": false,
    "count": 0,
    "lang": "en",
    "updated": 0
  },
  {
    "id": "4368f661-6bc8-4918-98f5-e399deb14d2d",
    "data": [
      {
        "text": "noodles",
        "meta": "@sys.any",
        "alias": "any",
        "userDefined": true
      }
    ],
    "isTemplate": false,
    "count": 0,
    "lang": "en",
    "updated": 0
  },
  {
    "id": "3797dcca-fb2c-4691-b21f-d0cd342bc0ee",
    "data": [
      {
        "text": "tomato soup",
        "meta": "@sys.any",
        "alias": "any",
        "userDefined": true
      }
    ],
    "isTemplate": false,
    "count": 0,
    "lang": "en",
    "updated": 0
  },
  {
    "id": "6a9b312e-fae5-48f9-9bae-b8d17605b77b",
    "data": [
      {
        "text": "panner tikka",
        "meta": "@sys.any",
        "alias": "any",
        "userDefined": true
      }
    ],
    "isTemplate": false,
    "count": 0,
    "lang": "en",
    "updated": 0
  },
  {
    "id": "6a7afd35-56e8-4678-92d6-f1a9c911aaa0",
    "data": [
      {
        "text": "veg ",
        "userDefined": false
      },
      {
        "text": "samosa",
        "meta": "@sys.any",
        "alias": "any",
        "userDefined": true
      }
    ],
    "isTemplate": false,
    "count": 0,
    "lang": "en",
    "updated": 0
  }
]