[
  {
    "id": "d0e50453-32df-48f7-abb3-b0cbede8e720",
    "data": [
      {
        "text": "waiting for the delivery",
        "userDefined": false
      }
    ],
    "isTemplate": false,
    "count": 0,
    "lang": "en",
    "updated": 0
  },
  {
    "id": "fe50c57d-4bca-4c2f-8f44-30a50f08cebf",
    "data": [
      {
        "text": "good ",
        "userDefined": false
      },
      {
        "text": "service",
        "meta": "@sys.address",
        "alias": "address",
        "userDefined": false
      }
    ],
    "isTemplate": false,
    "count": 0,
    "lang": "en",
    "updated": 0
  },
  {
    "id": "b1fcfd5e-d683-4a1a-a57b-192830769bee",
    "data": [
      {
        "text": "bye",
        "userDefined": false
      }
    ],
    "isTemplate": false,
    "count": 0,
    "lang": "en",
    "updated": 0
  },
  {
    "id": "ad463c79-92ac-488d-8bd9-a376f0d74e41",
    "data": [
      {
        "text": "Thank you",
        "userDefined": false
      }
    ],
    "isTemplate": false,
    "count": 0,
    "lang": "en",
    "updated": 0
  }
]